,Unnamed: 0,address,attributes,business_id,categories,city,hours,is_open,latitude,longitude,name,neighborhood,postal_code,review_count,stars,state
7732,7732,3667 Las Vegas Blvd S,"{'BusinessAcceptsCreditCards': 'True', 'GoodForKids': 'False', 'RestaurantsPriceRange2': '2', 'WiFi': 'free'}",BLIJ-p5wYuAhw6Pp6mh6mw,"Event Planning & Services, Arts & Entertainment, Hotels & Travel, Hotels, Casinos",Las Vegas,"{'Monday': '0:0-0:0', 'Tuesday': '0:0-0:0', 'Wednesday': '0:0-0:0', 'Thursday': '0:0-0:0', 'Friday': '0:0-0:0', 'Saturday': '0:0-0:0', 'Sunday': '0:0-0:0'}",1,36.1096884078,-115.17014294799999,Planet Hollywood Las Vegas Resort & Casino,The Strip,89109,2818,3.0,NV
13552,13552,3700 W Flamingo Rd,"{'BusinessAcceptsCreditCards': 'True', 'GoodForKids': 'False', 'RestaurantsPriceRange2': '2', 'WiFi': 'free'}",xtYiHTmunjfCN2sUaQxBjA,"Arts & Entertainment, Hotels & Travel, Event Planning & Services, Casinos, Hotels",Las Vegas,"{'Monday': '0:0-0:0', 'Tuesday': '0:0-0:0', 'Wednesday': '0:0-0:0', 'Thursday': '0:0-0:0', 'Friday': '0:0-0:0', 'Saturday': '0:0-0:0', 'Sunday': '0:0-0:0'}",1,36.1172377683,-115.18761799,Rio All Suites Hotel & Casino,,89103,2321,2.5,NV
19389,19389,2600 W Harmon Ave,"{'BikeParking': 'False', 'BusinessAcceptsCreditCards': 'True', 'BusinessParking': ""{'garage': False, 'street': False, 'validated': False, 'lot': False, 'valet': True}"", 'ByAppointmentOnly': 'True', 'RestaurantsPriceRange2': '3', 'WheelchairAccessible': 'True', 'WiFi': 'free'}",WYw3Uf56DT5IwpaLNnCH5Q,"Event Planning & Services, Resorts, Day Spas, Beauty & Spas, Hotels, Hotels & Travel",Las Vegas,"{'Monday': '0:0-0:0', 'Tuesday': '0:0-0:0', 'Wednesday': '0:0-0:0', 'Thursday': '0:0-0:0', 'Friday': '0:0-0:0', 'Saturday': '0:0-0:0', 'Sunday': '0:0-0:0'}",1,36.109300818,-115.178147449,Vdara Hotel,The Strip,89158,2462,4.0,NV
23589,23589,"5693 S Jones Blvd, Ste 106","{'Alcohol': 'none', 'Ambience': ""{'romantic': False, 'intimate': False, 'classy': False, 'hipster': False, 'divey': False, 'touristy': False, 'trendy': False, 'upscale': False, 'casual': True}"", 'BikeParking': 'True', 'BusinessAcceptsBitcoin': 'False', 'BusinessAcceptsCreditCards': 'True', 'BusinessParking': ""{'garage': False, 'street': False, 'validated': False, 'lot': True, 'valet': False}"", 'Caters': 'False', 'DogsAllowed': 'False', 'DriveThru': 'False', 'GoodForKids': 'True', 'GoodForMeal': ""{'dessert': False, 'latenight': False, 'lunch': True, 'dinner': False, 'breakfast': True, 'brunch': True}"", 'HasTV': 'True', 'NoiseLevel': 'average', 'OutdoorSeating': 'False', 'RestaurantsAttire': 'casual', 'RestaurantsDelivery': 'False', 'RestaurantsGoodForGroups': 'True', 'RestaurantsPriceRange2': '1', 'RestaurantsReservations': 'False', 'RestaurantsTableService': 'True', 'RestaurantsTakeOut': 'True', 'WheelchairAccessible': 'True', 'WiFi': 'free'}",mDR12Hafvr84ctpsV6YLag,"American (Traditional), Restaurants, Burgers, Breakfast & Brunch, Sandwiches",Las Vegas,"{'Monday': '6:0-15:0', 'Tuesday': '6:0-15:0', 'Wednesday': '6:0-15:0', 'Thursday': '6:0-15:0', 'Friday': '6:0-15:0', 'Saturday': '7:0-14:0', 'Sunday': '7:0-14:0'}",1,36.08652539999999,-115.22624909999999,Mr Mamas,Spring Valley,89118,2064,4.5,NV
28194,28194,"3185 S Highland Dr, Ste 2","{'Alcohol': 'none', 'Ambience': ""{'romantic': False, 'intimate': False, 'classy': False, 'hipster': False, 'divey': False, 'touristy': False, 'trendy': False, 'upscale': False, 'casual': True}"", 'BikeParking': 'True', 'BusinessAcceptsBitcoin': 'False', 'BusinessAcceptsCreditCards': 'True', 'BusinessParking': ""{'garage': False, 'street': True, 'validated': False, 'lot': True, 'valet': False}"", 'Caters': 'True', 'DogsAllowed': 'True', 'DriveThru': 'False', 'GoodForKids': 'True', 'GoodForMeal': ""{'dessert': False, 'latenight': False, 'lunch': True, 'dinner': True, 'breakfast': False, 'brunch': False}"", 'HasTV': 'True', 'NoiseLevel': 'average', 'OutdoorSeating': 'True', 'RestaurantsAttire': 'casual', 'RestaurantsDelivery': 'True', 'RestaurantsGoodForGroups': 'True', 'RestaurantsPriceRange2': '2', 'RestaurantsReservations': 'False', 'RestaurantsTableService': 'False', 'RestaurantsTakeOut': 'True', 'WheelchairAccessible': 'True', 'WiFi': 'free'}",fL-b760btOaGa85OJ9ut3w,"Barbeque, Burgers, Restaurants, Soul Food",Las Vegas,"{'Monday': '10:0-20:0', 'Tuesday': '10:0-20:0', 'Wednesday': '10:0-20:0', 'Thursday': '10:0-20:0', 'Friday': '10:0-22:0', 'Saturday': '10:0-22:0', 'Sunday': '10:0-20:0'}",1,36.1321875,-115.1770963,Rollin Smoke Barbeque,,89109,2617,4.5,NV
28596,28596,953 E Sahara Ave,"{'Alcohol': 'beer_and_wine', 'Ambience': ""{'romantic': False, 'intimate': False, 'classy': False, 'hipster': False, 'divey': False, 'touristy': False, 'trendy': False, 'upscale': False, 'casual': True}"", 'BYOB': 'False', 'BYOBCorkage': 'yes_free', 'BestNights': ""{'monday': False, 'tuesday': True, 'friday': False, 'wednesday': False, 'thursday': False, 'sunday': True, 'saturday': True}"", 'BikeParking': 'False', 'BusinessAcceptsBitcoin': 'False', 'BusinessAcceptsCreditCards': 'True', 'BusinessParking': ""{'garage': False, 'street': False, 'validated': False, 'lot': True, 'valet': False}"", 'Caters': 'False', 'CoatCheck': 'True', 'Corkage': 'False', 'DietaryRestrictions': ""{'dairy-free': True, 'gluten-free': False, 'vegan': True, 'kosher': False, 'halal': False, 'soy-free': False, 'vegetarian': True}"", 'DogsAllowed': 'False', 'GoodForDancing': 'False', 'GoodForKids': 'True', 'GoodForMeal': ""{'dessert': False, 'latenight': False, 'lunch': False, 'dinner': True, 'breakfast': False, 'brunch': False}"", 'HappyHour': 'False', 'HasTV': 'True', 'Music': ""{'dj': False, 'background_music': False, 'no_music': False, 'karaoke': False, 'live': False, 'video': False, 'jukebox': False}"", 'NoiseLevel': 'average', 'Open24Hours': 'False', 'OutdoorSeating': 'False', 'RestaurantsAttire': 'casual', 'RestaurantsCounterService': 'False', 'RestaurantsDelivery': 'False', 'RestaurantsGoodForGroups': 'True', 'RestaurantsPriceRange2': '2', 'RestaurantsReservations': 'True', 'RestaurantsTableService': 'True', 'RestaurantsTakeOut': 'True', 'Smoking': 'no', 'WheelchairAccessible': 'True', 'WiFi': 'no'}",KskYqH1Bi7Z_61pH6Om8pg,"Wine Bars, Nightlife, Restaurants, Seafood, Car Dealers, Bars, Thai, Automotive",Las Vegas,"{'Monday': '11:0-14:30', 'Tuesday': '11:0-14:30', 'Wednesday': '11:0-14:30', 'Thursday': '11:0-14:30', 'Friday': '11:0-14:30', 'Saturday': '17:30-22:0', 'Sunday': '17:30-22:0'}",0,36.1436636,-115.1418906,Lotus of Siam,Downtown,89104,3975,4.0,NV
28989,28989,4455 Paradise Rd,"{'BikeParking': 'True', 'BusinessAcceptsBitcoin': 'False', 'BusinessAcceptsCreditCards': 'True', 'GoodForKids': 'False', 'RestaurantsGoodForGroups': 'True', 'RestaurantsPriceRange2': '2', 'RestaurantsReservations': 'False', 'WiFi': 'free'}",eEnNw3_hBvxcFHyr23kAuA,"Casinos, Hotels, Hotels & Travel, Event Planning & Services, Nightlife, Bars, Arts & Entertainment",Las Vegas,"{'Monday': '0:0-0:0', 'Tuesday': '0:0-0:0', 'Wednesday': '0:0-0:0', 'Thursday': '0:0-0:0', 'Friday': '0:0-0:0', 'Saturday': '0:0-0:0', 'Sunday': '0:0-0:0'}",1,36.1092303552,-115.154035654,Hard Rock Hotel & Casino,Eastside,89169,2175,3.0,NV
31689,31689,707 Carson Ave,"{'Alcohol': 'none', 'Ambience': ""{'romantic': False, 'intimate': False, 'classy': False, 'hipster': True, 'divey': False, 'touristy': False, 'trendy': False, 'upscale': False, 'casual': True}"", 'BikeParking': 'True', 'BusinessAcceptsCreditCards': 'True', 'BusinessParking': ""{'garage': False, 'street': True, 'validated': False, 'lot': False, 'valet': False}"", 'Caters': 'True', 'GoodForKids': 'True', 'GoodForMeal': ""{'dessert': False, 'latenight': False, 'lunch': True, 'dinner': False, 'breakfast': True, 'brunch': True}"", 'HasTV': 'False', 'NoiseLevel': 'average', 'OutdoorSeating': 'True', 'RestaurantsAttire': 'casual', 'RestaurantsDelivery': 'False', 'RestaurantsGoodForGroups': 'True', 'RestaurantsPriceRange2': '2', 'RestaurantsReservations': 'False', 'RestaurantsTableService': 'True', 'RestaurantsTakeOut': 'True', 'WheelchairAccessible': 'True', 'WiFi': 'no'}",l_GV0hgEoTUf70uJVT0_hg,"American (New), Breakfast & Brunch, Restaurants, Sandwiches",Las Vegas,"{'Monday': '8:0-15:0', 'Tuesday': '8:0-15:0', 'Wednesday': '8:0-15:0', 'Thursday': '8:0-15:0', 'Friday': '8:0-15:0', 'Saturday': '8:0-14:0', 'Sunday': '8:0-14:0'}",1,36.166723,-115.13893999999999,Eat.,Downtown,89101,2117,4.0,NV
37728,37728,8501 N 27th Ave,"{'Alcohol': 'full_bar', 'Ambience': ""{'romantic': False, 'intimate': False, 'classy': False, 'hipster': False, 'divey': False, 'touristy': False, 'trendy': False, 'upscale': False, 'casual': True}"", 'BikeParking': 'True', 'BusinessAcceptsCreditCards': 'True', 'BusinessParking': ""{'garage': False, 'street': False, 'validated': False, 'lot': True, 'valet': False}"", 'Caters': 'True', 'GoodForKids': 'True', 'GoodForMeal': ""{'dessert': False, 'latenight': False, 'lunch': True, 'dinner': True, 'breakfast': False, 'brunch': False}"", 'HasTV': 'True', 'NoiseLevel': 'average', 'OutdoorSeating': 'True', 'RestaurantsAttire': 'casual', 'RestaurantsDelivery': 'False', 'RestaurantsGoodForGroups': 'True', 'RestaurantsPriceRange2': '2', 'RestaurantsReservations': 'True', 'RestaurantsTableService': 'True', 'RestaurantsTakeOut': 'True', 'WheelchairAccessible': 'True', 'WiFi': 'free'}",VyVIneSU7XAWgMBllI6LnQ,"Barbeque, Event Planning & Services, Restaurants, Caterers, American (New)",Phoenix,"{'Monday': '11:0-21:0', 'Tuesday': '11:0-22:0', 'Wednesday': '11:0-22:0', 'Thursday': '11:0-22:0', 'Friday': '11:0-22:0', 'Saturday': '11:0-22:0', 'Sunday': '11:0-22:0'}",1,33.561084804699995,-112.115746955,Bobby Q,,85051,2267,4.5,AZ
38398,38398,"3400 E Sky Harbor Blvd, Ste 3300",{'WiFi': 'free'},JmI9nslLD7KZqRr__Bg6NQ,"Airports, Hotels & Travel",Phoenix,"{'Monday': '0:0-0:0', 'Tuesday': '0:0-0:0', 'Wednesday': '0:0-0:0', 'Thursday': '0:0-0:0', 'Friday': '0:0-0:0', 'Saturday': '0:0-0:0', 'Sunday': '0:0-0:0'}",1,33.4359957,-112.0108423,Phoenix Sky Harbor International Airport,,85034,2391,3.5,AZ
41323,41323,3655 Las Vegas Blvd S,"{'Alcohol': 'full_bar', 'Ambience': ""{'romantic': False, 'intimate': False, 'classy': False, 'hipster': False, 'divey': False, 'touristy': False, 'trendy': False, 'upscale': True, 'casual': False}"", 'BikeParking': 'False', 'BusinessAcceptsCreditCards': 'True', 'BusinessParking': ""{'garage': True, 'street': False, 'validated': False, 'lot': False, 'valet': True}"", 'Caters': 'False', 'GoodForKids': 'False', 'GoodForMeal': ""{'dessert': False, 'latenight': False, 'lunch': False, 'dinner': True, 'breakfast': False, 'brunch': False}"", 'HasTV': 'True', 'NoiseLevel': 'average', 'OutdoorSeating': 'False', 'RestaurantsAttire': 'dressy', 'RestaurantsDelivery': 'False', 'RestaurantsGoodForGroups': 'True', 'RestaurantsPriceRange2': '4', 'RestaurantsReservations': 'True', 'RestaurantsTableService': 'True', 'RestaurantsTakeOut': 'False', 'WheelchairAccessible': 'True', 'WiFi': 'no'}",OETh78qcgDltvHULowwhJg,"Soup, American (New), Steakhouses, Salad, Restaurants",Las Vegas,"{'Monday': '16:30-22:30', 'Tuesday': '16:30-22:30', 'Wednesday': '16:30-22:30', 'Thursday': '16:30-22:30', 'Friday': '16:30-0:0', 'Saturday': '16:30-0:0', 'Sunday': '16:30-22:30'}",1,36.1123377749,-115.17169613700001,Gordon Ramsay Steak,The Strip,89109,3244,4.0,NV
55526,55526,3900 Las Vegas Blvd S,"{'BusinessAcceptsCreditCards': 'True', 'GoodForKids': 'False', 'RestaurantsPriceRange2': '2', 'WiFi': 'no'}",AV6weBrZFFBfRGCbcRGO4g,"Hotels & Travel, Event Planning & Services, Hotels, Casinos, Arts & Entertainment, Resorts",Las Vegas,"{'Monday': '0:0-0:0', 'Tuesday': '0:0-0:0', 'Wednesday': '0:0-0:0', 'Thursday': '0:0-0:0', 'Friday': '0:0-0:0', 'Saturday': '0:0-0:0', 'Sunday': '0:0-0:0'}",1,36.097340676,-115.176339427,Luxor Hotel and Casino Las Vegas,The Strip,89109,3890,2.5,NV
57764,57764,3049 S Las Vegas Blvd,"{'Alcohol': 'none', 'Ambience': ""{'romantic': False, 'intimate': False, 'classy': False, 'hipster': False, 'divey': False, 'touristy': False, 'trendy': False, 'upscale': False, 'casual': True}"", 'BikeParking': 'True', 'BusinessAcceptsBitcoin': 'False', 'BusinessAcceptsCreditCards': 'True', 'BusinessParking': ""{'garage': False, 'street': False, 'validated': False, 'lot': True, 'valet': False}"", 'Caters': 'False', 'GoodForKids': 'True', 'GoodForMeal': ""{'dessert': False, 'latenight': True, 'lunch': True, 'dinner': True, 'breakfast': False, 'brunch': False}"", 'HasTV': 'False', 'NoiseLevel': 'loud', 'OutdoorSeating': 'False', 'RestaurantsAttire': 'casual', 'RestaurantsDelivery': 'False', 'RestaurantsGoodForGroups': 'True', 'RestaurantsPriceRange2': '1', 'RestaurantsReservations': 'False', 'RestaurantsTableService': 'False', 'RestaurantsTakeOut': 'True', 'WheelchairAccessible': 'True', 'WiFi': 'no'}",RwMLuOkImBIqqYj4SSKSPg,"Tacos, Restaurants, Mexican",Las Vegas,"{'Monday': '10:0-2:0', 'Tuesday': '10:0-2:0', 'Wednesday': '10:0-2:0', 'Thursday': '10:0-2:0', 'Friday': '10:0-4:0', 'Saturday': '10:0-4:0', 'Sunday': '10:0-2:0'}",1,36.1315942123,-115.16476683799999,Tacos El Gordo,The Strip,89109,2937,4.0,NV
67019,67019,3300 S Las Vegas Blvd,"{'BusinessAcceptsCreditCards': 'True', 'GoodForKids': 'False', 'RestaurantsPriceRange2': '2', 'WiFi': 'paid'}",uanCi4OGc1mHLGl_AT4JhQ,"Event Planning & Services, Arts & Entertainment, Hotels & Travel, Hotels, Casinos",Las Vegas,"{'Monday': '0:0-0:0', 'Tuesday': '0:0-0:0', 'Wednesday': '0:0-0:0', 'Thursday': '0:0-0:0', 'Friday': '0:0-0:0', 'Saturday': '0:0-0:0', 'Sunday': '0:0-0:0'}",1,36.1245859,-115.1716132,Treasure Island,The Strip,89109,2388,3.0,NV
67860,67860,"5030 Spring Mountain Rd, Ste 6","{'Alcohol': 'beer_and_wine', 'Ambience': ""{'romantic': False, 'intimate': False, 'classy': False, 'hipster': False, 'divey': False, 'touristy': False, 'trendy': False, 'upscale': False, 'casual': True}"", 'BikeParking': 'False', 'BusinessAcceptsCreditCards': 'True', 'BusinessParking': ""{'garage': False, 'street': False, 'validated': False, 'lot': True, 'valet': False}"", 'Caters': 'False', 'GoodForKids': 'True', 'GoodForMeal': ""{'dessert': False, 'latenight': False, 'lunch': True, 'dinner': True, 'breakfast': False, 'brunch': False}"", 'HasTV': 'False', 'NoiseLevel': 'average', 'OutdoorSeating': 'False', 'RestaurantsAttire': 'casual', 'RestaurantsDelivery': 'False', 'RestaurantsGoodForGroups': 'False', 'RestaurantsPriceRange2': '1', 'RestaurantsReservations': 'False', 'RestaurantsTableService': 'True', 'RestaurantsTakeOut': 'True', 'WheelchairAccessible': 'True', 'WiFi': 'no'}",UPIYuRaZvknINOd1w8kqRQ,"Restaurants, Japanese, Noodles, Ramen",Las Vegas,"{'Monday': '11:30-23:0', 'Tuesday': '11:30-23:0', 'Wednesday': '11:30-23:0', 'Thursday': '11:30-23:0', 'Friday': '11:30-1:0', 'Saturday': '11:30-1:0', 'Sunday': '11:30-23:0'}",1,36.127033600000004,-115.20981909999999,Monta Ramen,Chinatown,89146,2499,4.0,NV
68042,68042,3355 South Las Vegas Boulevard,"{'BusinessAcceptsCreditCards': 'True', 'GoodForKids': 'False', 'RestaurantsPriceRange2': '3', 'WiFi': 'free'}",Wxxvi3LZbHNIDwJ-ZimtnA,"Arts & Entertainment, Casinos, Hotels, Hotels & Travel, Resorts, Event Planning & Services",Las Vegas,"{'Monday': '0:0-0:0', 'Tuesday': '0:0-0:0', 'Wednesday': '0:0-0:0', 'Thursday': '0:0-0:0', 'Friday': '0:0-0:0', 'Saturday': '0:0-0:0', 'Sunday': '0:0-0:0'}",1,36.121189,-115.169657,The Venetian Las Vegas,The Strip,89109,3329,4.0,NV
73338,73338,3400 Las Vegas Blvd S,"{'BusinessAcceptsCreditCards': 'True', 'GoodForKids': 'True', 'RestaurantsPriceRange2': '2', 'WiFi': 'paid'}",DfgZlNgKwBvCpA_0alumXw,"Casinos, Resorts, Arts & Entertainment, Hotels, Hotels & Travel, Event Planning & Services",Las Vegas,"{'Monday': '0:0-0:0', 'Tuesday': '0:0-0:0', 'Wednesday': '0:0-0:0', 'Thursday': '0:0-0:0', 'Friday': '0:0-0:0', 'Saturday': '0:0-0:0', 'Sunday': '0:0-0:0'}",1,36.1212805516,-115.175219041,The Mirage,The Strip,89109,2130,3.5,NV
89868,89868,6800 W Sahara Ave,"{'Alcohol': 'full_bar', 'Ambience': ""{'romantic': False, 'intimate': False, 'classy': False, 'hipster': False, 'divey': False, 'touristy': False, 'trendy': False, 'upscale': False, 'casual': True}"", 'BYOB': 'False', 'BYOBCorkage': 'no', 'BikeParking': 'True', 'BusinessAcceptsCreditCards': 'True', 'BusinessParking': ""{'garage': False, 'street': False, 'validated': False, 'lot': True, 'valet': False}"", 'Caters': 'False', 'Corkage': 'False', 'DogsAllowed': 'False', 'GoodForKids': 'True', 'GoodForMeal': ""{'dessert': False, 'latenight': False, 'lunch': True, 'dinner': False, 'breakfast': True, 'brunch': True}"", 'HasTV': 'False', 'NoiseLevel': 'average', 'OutdoorSeating': 'True', 'RestaurantsAttire': 'casual', 'RestaurantsDelivery': 'False', 'RestaurantsGoodForGroups': 'True', 'RestaurantsPriceRange2': '2', 'RestaurantsReservations': 'True', 'RestaurantsTableService': 'True', 'RestaurantsTakeOut': 'True', 'WheelchairAccessible': 'True', 'WiFi': 'no'}",g8OnV26ywJlZpezdBnOWUQ,"Restaurants, American (New), Breakfast & Brunch",Las Vegas,"{'Monday': '7:30-21:0', 'Tuesday': '7:30-21:0', 'Wednesday': '7:30-21:0', 'Thursday': '7:30-21:0', 'Friday': '7:30-22:0', 'Saturday': '7:30-22:0', 'Sunday': '7:30-21:0'}",1,36.1447126,-115.2400919,Hash House A Go Go,Westside,89146,3193,4.0,NV
93521,93521,3535 S Las Vegas Blvd,"{'Alcohol': 'full_bar', 'Ambience': ""{'romantic': False, 'intimate': False, 'classy': False, 'hipster': False, 'divey': False, 'touristy': False, 'trendy': False, 'upscale': False, 'casual': True}"", 'BikeParking': 'False', 'BusinessAcceptsCreditCards': 'True', 'BusinessParking': ""{'garage': True, 'street': False, 'validated': False, 'lot': False, 'valet': False}"", 'Caters': 'False', 'DriveThru': 'False', 'GoodForKids': 'True', 'GoodForMeal': ""{'dessert': False, 'latenight': False, 'lunch': True, 'dinner': True, 'breakfast': False, 'brunch': True}"", 'HasTV': 'True', 'NoiseLevel': 'average', 'OutdoorSeating': 'True', 'RestaurantsAttire': 'casual', 'RestaurantsDelivery': 'False', 'RestaurantsGoodForGroups': 'True', 'RestaurantsPriceRange2': '2', 'RestaurantsReservations': 'True', 'RestaurantsTableService': 'True', 'RestaurantsTakeOut': 'True', 'WiFi': 'no'}",HhVmDybpU7L50Kb5A0jXTg,"Bars, American (Traditional), Burgers, Nightlife, Pubs, Breakfast & Brunch, Restaurants, American (New), African",Las Vegas,"{'Monday': '9:0-0:0', 'Tuesday': '9:0-0:0', 'Wednesday': '9:0-0:0', 'Thursday': '9:0-0:0', 'Friday': '9:0-0:0', 'Saturday': '9:0-0:0', 'Sunday': '9:0-0:0'}",1,36.1180802326,-115.172432361,Guy Fieri's Vegas Kitchen & Bar,The Strip,89109,3003,3.5,NV
94134,94134,623 E Adams St,"{'Alcohol': 'beer_and_wine', 'Ambience': ""{'romantic': False, 'intimate': False, 'classy': False, 'hipster': False, 'divey': False, 'touristy': False, 'trendy': False, 'upscale': False, 'casual': True}"", 'BYOB': 'False', 'BYOBCorkage': 'no', 'BikeParking': 'True', 'BusinessAcceptsCreditCards': 'True', 'BusinessParking': ""{'garage': False, 'street': False, 'validated': False, 'lot': False, 'valet': False}"", 'Caters': 'False', 'Corkage': 'False', 'GoodForKids': 'True', 'GoodForMeal': ""{'dessert': False, 'latenight': False, 'lunch': False, 'dinner': True, 'breakfast': False, 'brunch': False}"", 'HasTV': 'False', 'NoiseLevel': 'average', 'Open24Hours': 'False', 'OutdoorSeating': 'True', 'RestaurantsAttire': 'casual', 'RestaurantsCounterService': 'True', 'RestaurantsDelivery': 'False', 'RestaurantsGoodForGroups': 'False', 'RestaurantsPriceRange2': '2', 'RestaurantsReservations': 'False', 'RestaurantsTableService': 'True', 'RestaurantsTakeOut': 'True', 'WheelchairAccessible': 'True', 'WiFi': 'no'}",pSQFynH1VxkfSmehRXlZWw,"Restaurants, Pizza, Tapas/Small Plates, Salad, Italian, Sandwiches",Phoenix,"{'Monday': '11:0-21:0', 'Tuesday': '11:0-21:0', 'Wednesday': '11:0-21:0', 'Thursday': '11:0-21:0', 'Friday': '11:0-21:0', 'Saturday': '11:0-21:0', 'Sunday': '12:0-19:0'}",1,33.4491602,-112.0656345,Pizzeria Bianco,,85004,2187,4.0,AZ
96851,96851,"4480 Paradise Rd, Ste 600","{'Alcohol': 'beer_and_wine', 'Ambience': ""{'romantic': False, 'intimate': False, 'classy': False, 'hipster': False, 'divey': False, 'touristy': False, 'trendy': True, 'upscale': False, 'casual': True}"", 'BikeParking': 'True', 'BusinessAcceptsCreditCards': 'True', 'BusinessParking': ""{'garage': False, 'street': False, 'validated': False, 'lot': True, 'valet': False}"", 'Caters': 'True', 'DogsAllowed': 'False', 'GoodForKids': 'True', 'GoodForMeal': ""{'dessert': True, 'latenight': True, 'lunch': True, 'dinner': True, 'breakfast': False, 'brunch': False}"", 'HasTV': 'True', 'NoiseLevel': 'average', 'OutdoorSeating': 'False', 'RestaurantsAttire': 'casual', 'RestaurantsDelivery': 'False', 'RestaurantsGoodForGroups': 'True', 'RestaurantsPriceRange2': '2', 'RestaurantsReservations': 'True', 'RestaurantsTableService': 'True', 'RestaurantsTakeOut': 'True', 'WheelchairAccessible': 'True', 'WiFi': 'free'}",hihud--QRriCYZw1zZvW4g,"Asian Fusion, Barbeque, Korean, Japanese, Restaurants, Tapas/Small Plates",Las Vegas,"{'Monday': '11:30-1:0', 'Tuesday': '11:30-1:0', 'Wednesday': '11:30-1:0', 'Thursday': '11:30-1:0', 'Friday': '11:30-1:0', 'Saturday': '11:30-1:0', 'Sunday': '11:30-1:0'}",1,36.108897999999996,-115.151261,Gangnam Asian BBQ Dining,Eastside,89169,3731,4.5,NV
97743,97743,"4533 W Sahara Ave, Ste 5","{'Alcohol': 'full_bar', 'Ambience': ""{'romantic': False, 'intimate': False, 'classy': False, 'hipster': False, 'divey': False, 'touristy': False, 'trendy': False, 'upscale': False, 'casual': True}"", 'BYOB': 'False', 'BYOBCorkage': 'yes_free', 'BikeParking': 'True', 'BusinessAcceptsBitcoin': 'False', 'BusinessAcceptsCreditCards': 'True', 'BusinessParking': ""{'garage': False, 'street': False, 'validated': False, 'lot': True, 'valet': False}"", 'Caters': 'True', 'Corkage': 'False', 'DogsAllowed': 'True', 'GoodForKids': 'True', 'GoodForMeal': ""{'dessert': False, 'latenight': False, 'lunch': True, 'dinner': False, 'breakfast': True, 'brunch': True}"", 'HasTV': 'True', 'NoiseLevel': 'average', 'OutdoorSeating': 'True', 'RestaurantsAttire': 'casual', 'RestaurantsDelivery': 'False', 'RestaurantsGoodForGroups': 'True', 'RestaurantsPriceRange2': '2', 'RestaurantsReservations': 'False', 'RestaurantsTableService': 'True', 'RestaurantsTakeOut': 'True', 'WheelchairAccessible': 'True', 'WiFi': 'free'}",3kdSl5mo9dWC4clrQjEDGg,"Pizza, Breakfast & Brunch, American (Traditional), Sandwiches, Restaurants, Burgers",Las Vegas,"{'Monday': '6:0-15:0', 'Tuesday': '6:0-15:0', 'Wednesday': '6:0-15:0', 'Thursday': '6:0-15:0', 'Friday': '6:0-15:0', 'Saturday': '6:0-15:0', 'Sunday': '6:0-15:0'}",1,36.1440852,-115.20248649999999,Egg & I,Westside,89102,2909,4.5,NV
102301,102301,3895 Boulevard Saint-Laurent,"{'Alcohol': 'none', 'Ambience': ""{'romantic': False, 'intimate': False, 'classy': False, 'hipster': False, 'touristy': False, 'trendy': False, 'upscale': False, 'casual': True}"", 'BikeParking': 'True', 'BusinessAcceptsCreditCards': 'False', 'BusinessParking': ""{'garage': False, 'street': True, 'validated': False, 'lot': False, 'valet': False}"", 'Caters': 'True', 'GoodForKids': 'True', 'GoodForMeal': ""{'dessert': False, 'latenight': False, 'lunch': True, 'dinner': False, 'breakfast': False, 'brunch': False}"", 'HasTV': 'False', 'NoiseLevel': 'loud', 'OutdoorSeating': 'False', 'RestaurantsAttire': 'casual', 'RestaurantsDelivery': 'False', 'RestaurantsGoodForGroups': 'True', 'RestaurantsPriceRange2': '2', 'RestaurantsReservations': 'False', 'RestaurantsTableService': 'True', 'RestaurantsTakeOut': 'True', 'WheelchairAccessible': 'True', 'WiFi': 'no'}",0W4lkclzZThpx3V65bVgig,"Specialty Food, Sandwiches, Restaurants, Imported Food, Food, Ethnic Food, Delis",Montréal,"{'Monday': '8:0-0:30', 'Tuesday': '8:0-0:30', 'Wednesday': '8:0-0:30', 'Thursday': '8:0-0:30', 'Friday': '8:0-1:30', 'Saturday': '8:0-2:30', 'Sunday': '8:0-0:30'}",1,45.516353,-73.577642,Schwartz’s,Plateau-Mont-Royal,H2W 1X9,2138,4.0,QC
105346,105346,4029 Spring Mountain Rd,"{'Alcohol': 'beer_and_wine', 'Ambience': ""{'romantic': False, 'intimate': False, 'classy': False, 'hipster': False, 'divey': False, 'touristy': False, 'trendy': False, 'upscale': False, 'casual': True}"", 'BikeParking': 'False', 'BusinessAcceptsCreditCards': 'True', 'BusinessParking': ""{'garage': False, 'street': False, 'validated': False, 'lot': True, 'valet': False}"", 'Caters': 'False', 'GoodForKids': 'True', 'GoodForMeal': ""{'dessert': False, 'latenight': True, 'lunch': True, 'dinner': True, 'breakfast': False, 'brunch': False}"", 'HasTV': 'False', 'NoiseLevel': 'average', 'OutdoorSeating': 'False', 'RestaurantsAttire': 'casual', 'RestaurantsDelivery': 'False', 'RestaurantsGoodForGroups': 'True', 'RestaurantsPriceRange2': '2', 'RestaurantsReservations': 'False', 'RestaurantsTableService': 'True', 'RestaurantsTakeOut': 'True', 'WheelchairAccessible': 'True', 'WiFi': 'no'}",yfxDa8RFOvJPQh0rNtakHA,"Restaurants, Vietnamese, Chinese",Las Vegas,"{'Monday': '0:0-0:0', 'Tuesday': '0:0-0:0', 'Wednesday': '0:0-0:0', 'Thursday': '0:0-0:0', 'Friday': '0:0-0:0', 'Saturday': '0:0-0:0', 'Sunday': '0:0-0:0'}",1,36.1261943318,-115.193445287,Pho Kim Long,Chinatown,89102,2850,3.5,NV
112667,112667,3708 Las Vegas Blvd S,"{'Alcohol': 'full_bar', 'Ambience': ""{'romantic': False, 'intimate': False, 'classy': False, 'hipster': False, 'divey': False, 'touristy': False, 'trendy': False, 'upscale': False, 'casual': True}"", 'BestNights': ""{'monday': False, 'tuesday': False, 'friday': True, 'wednesday': False, 'thursday': False, 'sunday': True, 'saturday': True}"", 'BikeParking': 'False', 'BusinessAcceptsBitcoin': 'False', 'BusinessAcceptsCreditCards': 'True', 'BusinessParking': ""{'garage': True, 'street': False, 'validated': False, 'lot': False, 'valet': True}"", 'Caters': 'True', 'CoatCheck': 'False', 'DogsAllowed': 'False', 'DriveThru': 'False', 'GoodForDancing': 'False', 'GoodForKids': 'True', 'GoodForMeal': ""{'dessert': False, 'latenight': False, 'lunch': True, 'dinner': True, 'breakfast': False, 'brunch': False}"", 'HappyHour': 'True', 'HasTV': 'True', 'Music': ""{'dj': False, 'background_music': False, 'no_music': False, 'karaoke': False, 'live': False, 'video': False, 'jukebox': False}"", 'NoiseLevel': 'average', 'OutdoorSeating': 'False', 'RestaurantsAttire': 'casual', 'RestaurantsDelivery': 'False', 'RestaurantsGoodForGroups': 'True', 'RestaurantsPriceRange2': '2', 'RestaurantsReservations': 'True', 'RestaurantsTableService': 'True', 'RestaurantsTakeOut': 'True', 'Smoking': 'no', 'WheelchairAccessible': 'True', 'WiFi': 'free'}",P7pxQFqr7yBKMMI2J51udw,"American (Traditional), Restaurants, Burgers, Bars, Nightlife, American (New)",Las Vegas,"{'Monday': '11:0-0:0', 'Tuesday': '11:0-0:0', 'Wednesday': '11:0-0:0', 'Thursday': '11:0-0:0', 'Friday': '11:0-2:0', 'Saturday': '11:0-2:0', 'Sunday': '11:0-0:0'}",1,36.109842,-115.174603,Holsteins Shakes & Buns,The Strip,89109,3025,4.0,NV
113360,113360,4178 Koval Ln,"{'Alcohol': 'full_bar', 'Ambience': ""{'romantic': False, 'intimate': False, 'classy': False, 'hipster': False, 'divey': False, 'touristy': False, 'trendy': False, 'upscale': False, 'casual': True}"", 'BYOB': 'False', 'BYOBCorkage': 'no', 'BestNights': ""{'monday': False, 'tuesday': False, 'friday': True, 'wednesday': False, 'thursday': False, 'sunday': True, 'saturday': True}"", 'BikeParking': 'False', 'BusinessAcceptsCreditCards': 'True', 'BusinessParking': ""{'garage': True, 'street': False, 'validated': False, 'lot': True, 'valet': False}"", 'ByAppointmentOnly': 'False', 'Caters': 'False', 'CoatCheck': 'False', 'GoodForDancing': 'False', 'GoodForKids': 'False', 'GoodForMeal': ""{'dessert': False, 'latenight': False, 'lunch': False, 'dinner': True, 'breakfast': False, 'brunch': False}"", 'HappyHour': 'True', 'HasTV': 'True', 'Music': ""{'dj': False, 'background_music': False, 'no_music': False, 'karaoke': False, 'live': False, 'video': False, 'jukebox': False}"", 'NoiseLevel': 'average', 'OutdoorSeating': 'False', 'RestaurantsAttire': 'casual', 'RestaurantsDelivery': 'False', 'RestaurantsGoodForGroups': 'True', 'RestaurantsPriceRange2': '1', 'RestaurantsReservations': 'False', 'RestaurantsTableService': 'True', 'RestaurantsTakeOut': 'False', 'Smoking': 'yes', 'WheelchairAccessible': 'True', 'WiFi': 'free'}",EAwh1OmG6t6p3nRaZOW_AA,"Barbeque, Bars, Pubs, American (Traditional), Food, Restaurants, Casinos, Breweries, Nightlife, Arts & Entertainment, Karaoke",Las Vegas,"{'Monday': '6:0-6:0', 'Tuesday': '6:0-6:0', 'Wednesday': '6:0-6:0', 'Thursday': '6:0-6:0', 'Friday': '6:0-6:0', 'Saturday': '6:0-6:0', 'Sunday': '6:0-6:0'}",1,36.112996200000005,-115.16339620000001,"Ellis Island Hotel, Casino & Brewery",Eastside,89109,2087,4.0,NV
116247,116247,3570 Las Vegas Blvd S,"{'Alcohol': 'full_bar', 'Ambience': ""{'romantic': False, 'intimate': False, 'classy': False, 'hipster': False, 'divey': False, 'touristy': False, 'trendy': True, 'upscale': False, 'casual': False}"", 'BYOB': 'False', 'BYOBCorkage': 'no', 'BikeParking': 'False', 'BusinessAcceptsCreditCards': 'True', 'BusinessParking': ""{'garage': True, 'street': False, 'validated': False, 'lot': False, 'valet': False}"", 'Caters': 'False', 'Corkage': 'False', 'GoodForKids': 'False', 'GoodForMeal': ""{'dessert': False, 'latenight': False, 'lunch': False, 'dinner': True, 'breakfast': False, 'brunch': False}"", 'HasTV': 'False', 'NoiseLevel': 'average', 'OutdoorSeating': 'False', 'RestaurantsAttire': 'casual', 'RestaurantsDelivery': 'False', 'RestaurantsGoodForGroups': 'True', 'RestaurantsPriceRange2': '3', 'RestaurantsReservations': 'True', 'RestaurantsTableService': 'True', 'RestaurantsTakeOut': 'False', 'WheelchairAccessible': 'True', 'WiFi': 'no'}",XZbuPXdyA0ZtTu3AzqtQhg,"Southern, American (New), Tex-Mex, Mexican, Restaurants, New Mexican Cuisine, American (Traditional)",Las Vegas,"{'Monday': '17:0-23:0', 'Tuesday': '17:0-23:0', 'Wednesday': '17:0-23:0', 'Thursday': '17:0-23:0', 'Friday': '17:0-23:0', 'Saturday': '17:0-23:0', 'Sunday': '17:0-23:0'}",1,36.1171245659,-115.17479270700001,Mesa Grill,The Strip,89109,3160,4.0,NV
119165,119165,12300 Las Vegas Blvd S,"{'Alcohol': 'beer_and_wine', 'Ambience': ""{'romantic': False, 'intimate': False, 'classy': False, 'hipster': False, 'divey': False, 'touristy': False, 'trendy': False, 'upscale': False, 'casual': True}"", 'BikeParking': 'False', 'BusinessAcceptsBitcoin': 'False', 'BusinessAcceptsCreditCards': 'True', 'BusinessParking': ""{'garage': True, 'street': False, 'validated': False, 'lot': True, 'valet': True}"", 'Caters': 'False', 'DogsAllowed': 'False', 'GoodForKids': 'True', 'GoodForMeal': ""{'dessert': False, 'latenight': False, 'lunch': True, 'dinner': True, 'breakfast': False, 'brunch': True}"", 'HasTV': 'True', 'NoiseLevel': 'average', 'OutdoorSeating': 'False', 'RestaurantsAttire': 'casual', 'RestaurantsDelivery': 'False', 'RestaurantsGoodForGroups': 'True', 'RestaurantsPriceRange2': '2', 'RestaurantsReservations': 'True', 'RestaurantsTableService': 'True', 'RestaurantsTakeOut': 'False', 'WheelchairAccessible': 'True', 'WiFi': 'no'}",LNGBEEelQx4zbfWnlc66cw,"Buffets, Restaurants, Food, Seafood, Desserts",Henderson,"{'Monday': '11:0-20:30', 'Tuesday': '11:0-20:30', 'Wednesday': '11:0-20:30', 'Thursday': '11:0-20:30', 'Friday': '11:0-20:30', 'Saturday': '11:0-20:30', 'Sunday': '11:30-20:30'}",1,35.965529,-115.16868600000001,Studio B Buffet,,89044,2155,4.0,NV
121763,121763,"1340 E 8th St, Ste 104","{'Alcohol': 'full_bar', 'Ambience': ""{'romantic': False, 'intimate': False, 'classy': False, 'hipster': False, 'divey': False, 'touristy': False, 'trendy': False, 'upscale': False, 'casual': True}"", 'BYOB': 'False', 'BYOBCorkage': 'yes_free', 'BestNights': ""{'monday': False, 'tuesday': False, 'friday': True, 'wednesday': False, 'thursday': True, 'sunday': False, 'saturday': True}"", 'BikeParking': 'True', 'BusinessAcceptsCreditCards': 'True', 'BusinessParking': ""{'garage': False, 'street': True, 'validated': False, 'lot': True, 'valet': False}"", 'ByAppointmentOnly': 'False', 'Caters': 'False', 'CoatCheck': 'False', 'Corkage': 'False', 'DogsAllowed': 'False', 'DriveThru': 'False', 'GoodForDancing': 'False', 'GoodForKids': 'False', 'GoodForMeal': ""{'dessert': False, 'latenight': False, 'lunch': True, 'dinner': True, 'breakfast': False, 'brunch': False}"", 'HappyHour': 'True', 'HasTV': 'True', 'Music': ""{'dj': False, 'background_music': False, 'no_music': False, 'karaoke': False, 'live': False, 'video': False, 'jukebox': False}"", 'NoiseLevel': 'loud', 'OutdoorSeating': 'True', 'RestaurantsAttire': 'casual', 'RestaurantsDelivery': 'False', 'RestaurantsGoodForGroups': 'True', 'RestaurantsPriceRange2': '2', 'RestaurantsReservations': 'False', 'RestaurantsTableService': 'True', 'RestaurantsTakeOut': 'True', 'Smoking': 'outdoor', 'WheelchairAccessible': 'True', 'WiFi': 'free'}",JzOp695tclcNCNMuBl7oxA,"Bars, Sandwiches, Pizza, American (New), Nightlife, Restaurants, Breweries, Pubs, Food, Breakfast & Brunch, Burgers",Tempe,"{'Monday': '11:0-0:0', 'Tuesday': '11:0-0:0', 'Wednesday': '11:0-0:0', 'Thursday': '11:0-0:0', 'Friday': '11:0-1:0', 'Saturday': '9:0-1:0', 'Sunday': '9:0-0:0'}",1,33.419568,-111.916097,Four Peaks Brewing,,85281,2097,4.5,AZ
121801,121801,"470 E Windmill Ln, Ste 100","{'Alcohol': 'full_bar', 'Ambience': ""{'romantic': False, 'intimate': False, 'classy': False, 'hipster': False, 'divey': False, 'touristy': False, 'trendy': False, 'upscale': False, 'casual': True}"", 'BikeParking': 'False', 'BusinessAcceptsCreditCards': 'True', 'BusinessParking': ""{'garage': False, 'street': False, 'validated': False, 'lot': True, 'valet': False}"", 'Caters': 'False', 'DriveThru': 'False', 'GoodForKids': 'True', 'GoodForMeal': ""{'dessert': False, 'latenight': False, 'lunch': True, 'dinner': True, 'breakfast': False, 'brunch': False}"", 'HasTV': 'True', 'NoiseLevel': 'average', 'OutdoorSeating': 'True', 'RestaurantsAttire': 'casual', 'RestaurantsDelivery': 'False', 'RestaurantsGoodForGroups': 'True', 'RestaurantsPriceRange2': '2', 'RestaurantsReservations': 'False', 'RestaurantsTableService': 'True', 'RestaurantsTakeOut': 'True', 'WheelchairAccessible': 'True', 'WiFi': 'free'}",7sPNbCx7vGAaH7SbNPZ6oA,"Restaurants, Food, Asian Fusion, American (New), Burgers, Nightlife, Beer, Wine & Spirits, Bars",Las Vegas,"{'Monday': '11:0-22:0', 'Tuesday': '11:0-22:0', 'Wednesday': '11:0-22:0', 'Thursday': '11:0-22:0', 'Friday': '11:0-23:0', 'Saturday': '11:0-23:0', 'Sunday': '11:0-23:0'}",1,36.0427979056,-115.153225035,Bachi Burger,Southeast,89123,3250,4.0,NV
129243,129243,"3930 S Las Vegas Blvd, Ste 121A","{'Alcohol': 'full_bar', 'Ambience': ""{'romantic': False, 'intimate': False, 'classy': False, 'hipster': False, 'divey': False, 'touristy': False, 'trendy': False, 'upscale': False, 'casual': True}"", 'BYOB': 'False', 'BYOBCorkage': 'no', 'BestNights': ""{'monday': False, 'tuesday': True, 'friday': True, 'wednesday': False, 'thursday': False, 'sunday': False, 'saturday': True}"", 'BikeParking': 'False', 'BusinessAcceptsBitcoin': 'False', 'BusinessAcceptsCreditCards': 'True', 'BusinessParking': ""{'garage': True, 'street': False, 'validated': False, 'lot': False, 'valet': True}"", 'Caters': 'False', 'CoatCheck': 'False', 'Corkage': 'False', 'DriveThru': 'False', 'GoodForDancing': 'False', 'GoodForKids': 'True', 'GoodForMeal': ""{'dessert': False, 'latenight': False, 'lunch': True, 'dinner': True, 'breakfast': False, 'brunch': False}"", 'HappyHour': 'True', 'HasTV': 'True', 'Music': ""{'dj': False, 'background_music': False, 'no_music': False, 'karaoke': False, 'live': False, 'video': False, 'jukebox': False}"", 'NoiseLevel': 'average', 'Open24Hours': 'False', 'OutdoorSeating': 'False', 'RestaurantsAttire': 'casual', 'RestaurantsCounterService': 'True', 'RestaurantsDelivery': 'False', 'RestaurantsGoodForGroups': 'True', 'RestaurantsPriceRange2': '2', 'RestaurantsReservations': 'True', 'RestaurantsTableService': 'True', 'RestaurantsTakeOut': 'True', 'Smoking': 'no', 'WheelchairAccessible': 'True', 'WiFi': 'free'}",Cni2l-VKG_pdospJ6xliXQ,"American (New), American (Traditional), Bars, Restaurants, Nightlife, Burgers",Las Vegas,"{'Monday': '11:0-23:0', 'Tuesday': '11:0-23:0', 'Wednesday': '11:0-23:0', 'Thursday': '11:0-23:0', 'Friday': '11:0-0:0', 'Saturday': '11:0-0:0', 'Sunday': '11:0-23:0'}",1,36.0942440391,-115.17617829,Burger Bar,The Strip,89119,2523,4.0,NV
129493,129493,3600 S Las Vegas Blvd,"{'BusinessAcceptsCreditCards': 'True', 'GoodForKids': 'True', 'RestaurantsPriceRange2': '3', 'WiFi': 'paid'}",na4Th5DrNauOv-c43QQFvA,"Casinos, Arts & Entertainment, Event Planning & Services, Hotels, Resorts, Hotels & Travel",Las Vegas,"{'Monday': '0:0-0:0', 'Tuesday': '0:0-0:0', 'Wednesday': '0:0-0:0', 'Thursday': '0:0-0:0', 'Friday': '0:0-0:0', 'Saturday': '0:0-0:0', 'Sunday': '0:0-0:0'}",1,36.112629,-115.17670600000001,Bellagio Hotel,The Strip,89109,3030,3.5,NV
132618,132618,6261 Dean Martin Dr,"{'Alcohol': 'none', 'Ambience': ""{'romantic': False, 'intimate': False, 'classy': False, 'hipster': True, 'divey': False, 'touristy': False, 'trendy': False, 'upscale': False, 'casual': True}"", 'BikeParking': 'True', 'BusinessAcceptsBitcoin': 'False', 'BusinessAcceptsCreditCards': 'True', 'BusinessParking': ""{'garage': False, 'street': False, 'validated': False, 'lot': True, 'valet': False}"", 'ByAppointmentOnly': 'False', 'Caters': 'True', 'DogsAllowed': 'False', 'GoodForKids': 'True', 'GoodForMeal': ""{'dessert': False, 'latenight': False, 'lunch': True, 'dinner': False, 'breakfast': True, 'brunch': True}"", 'HasTV': 'True', 'NoiseLevel': 'average', 'OutdoorSeating': 'False', 'RestaurantsAttire': 'casual', 'RestaurantsDelivery': 'True', 'RestaurantsGoodForGroups': 'False', 'RestaurantsPriceRange2': '2', 'RestaurantsReservations': 'False', 'RestaurantsTableService': 'False', 'RestaurantsTakeOut': 'True', 'WheelchairAccessible': 'True', 'WiFi': 'free'}",3BCsAgo_1i4xMuTyLKMLRQ,"American (Traditional), Delis, Restaurants, Food, Breakfast & Brunch, Juice Bars & Smoothies, Food Delivery Services, American (New)",Las Vegas,"{'Monday': '9:0-21:0', 'Tuesday': '9:0-21:0', 'Wednesday': '9:0-21:0', 'Thursday': '9:0-21:0', 'Friday': '9:0-21:0', 'Saturday': '9:0-21:0', 'Sunday': '9:0-21:0'}",1,36.075969145900004,-115.1817241,SkinnyFATS,,89118,2034,4.5,NV
135087,135087,"Excalibur Hotel And Casino, 3850 Las Vegas Blvd S","{'BusinessAcceptsBitcoin': 'False', 'BusinessAcceptsCreditCards': 'True', 'DogsAllowed': 'False', 'GoodForKids': 'True', 'RestaurantsPriceRange2': '2', 'WiFi': 'paid'}",o7AiTlyWUrBSzdz6oMHj5w,"Event Planning & Services, Casinos, Hotels, Resorts, Arts & Entertainment, Hotels & Travel",Las Vegas,"{'Monday': '0:0-0:0', 'Tuesday': '0:0-0:0', 'Wednesday': '0:0-0:0', 'Thursday': '0:0-0:0', 'Friday': '0:0-0:0', 'Saturday': '0:0-0:0', 'Sunday': '0:0-0:0'}",1,36.098732490500005,-115.174725631,Excalibur Hotel,The Strip,89109,2733,2.5,NV
136186,136186,3708 S Las Vegas Blvd,"{'AgesAllowed': '21plus', 'Alcohol': 'full_bar', 'Ambience': ""{'romantic': False, 'intimate': False, 'classy': False, 'hipster': False, 'divey': False, 'touristy': False, 'trendy': True, 'upscale': False, 'casual': False}"", 'BestNights': ""{'monday': True, 'tuesday': False, 'friday': True, 'wednesday': False, 'thursday': False, 'sunday': False, 'saturday': True}"", 'BikeParking': 'False', 'BusinessAcceptsCreditCards': 'True', 'BusinessParking': ""{'garage': True, 'street': False, 'validated': False, 'lot': False, 'valet': True}"", 'CoatCheck': 'True', 'GoodForDancing': 'True', 'GoodForKids': 'False', 'HappyHour': 'False', 'HasTV': 'True', 'Music': ""{'dj': True, 'background_music': False, 'no_music': False, 'karaoke': False, 'live': False, 'video': False, 'jukebox': False}"", 'NoiseLevel': 'very_loud', 'OutdoorSeating': 'True', 'RestaurantsGoodForGroups': 'True', 'RestaurantsPriceRange2': '3', 'Smoking': 'yes', 'WheelchairAccessible': 'True'}",WUq8HJHIZU4uteB154XN7w,"Music Venues, Dance Clubs, Nightlife, Adult Entertainment, Arts & Entertainment",Las Vegas,"{'Monday': '22:30-5:0', 'Tuesday': '11:0-18:0', 'Wednesday': '11:0-18:0', 'Thursday': '11:0-18:0', 'Friday': '22:30-5:0', 'Saturday': '22:30-5:0', 'Sunday': '11:0-18:0'}",1,36.109946,-115.17539099999999,Marquee Nightclub & Dayclub,The Strip,89109,2185,3.5,NV
137804,137804,3790 Las Vegas Blvd S,"{'Alcohol': 'beer_and_wine', 'Ambience': ""{'romantic': False, 'intimate': False, 'classy': False, 'hipster': False, 'divey': False, 'touristy': True, 'trendy': False, 'upscale': False, 'casual': True}"", 'BikeParking': 'False', 'BusinessAcceptsCreditCards': 'True', 'BusinessParking': ""{'garage': True, 'street': False, 'validated': False, 'lot': False, 'valet': False}"", 'Caters': 'False', 'DriveThru': 'False', 'GoodForKids': 'True', 'GoodForMeal': ""{'dessert': False, 'latenight': True, 'lunch': True, 'dinner': True, 'breakfast': False, 'brunch': False}"", 'HasTV': 'True', 'NoiseLevel': 'average', 'OutdoorSeating': 'True', 'RestaurantsAttire': 'casual', 'RestaurantsDelivery': 'False', 'RestaurantsGoodForGroups': 'True', 'RestaurantsPriceRange2': '2', 'RestaurantsReservations': 'False', 'RestaurantsTableService': 'False', 'RestaurantsTakeOut': 'True', 'WiFi': 'no'}",QJatAcxYgK1Zp9BRZMAx7g,"American (New), Restaurants, Burgers",Las Vegas,"{'Monday': '11:0-2:0', 'Tuesday': '11:0-2:0', 'Wednesday': '11:0-2:0', 'Thursday': '11:0-2:0', 'Friday': '11:0-2:0', 'Saturday': '11:0-2:0', 'Sunday': '11:0-2:0'}",1,36.103061259499995,-115.173450261,Shake Shack,The Strip,89109,2735,4.0,NV
139579,139579,3131 Las Vegas Blvd S,"{'BusinessAcceptsCreditCards': 'True', 'GoodForKids': 'False', 'RestaurantsPriceRange2': '3', 'WiFi': 'free'}",t-o_Sraneime4DDhWrQRBA,"Hotels & Travel, Event Planning & Services, Golf, Casinos, Resorts, Nightlife, Active Life, Hotels, Arts & Entertainment",Las Vegas,"{'Monday': '0:0-0:0', 'Tuesday': '0:0-0:0', 'Wednesday': '0:0-0:0', 'Thursday': '0:0-0:0', 'Friday': '0:0-0:0', 'Saturday': '0:0-0:0', 'Sunday': '0:0-0:0'}",1,36.127684,-115.16590500000001,Wynn Las Vegas,The Strip,89109,2639,4.0,NV
141265,141265,3799 Las Vegas Blvd S,"{'BusinessAcceptsCreditCards': 'True', 'RestaurantsPriceRange2': '2', 'WiFi': 'free'}",El4FC8jcawUVgw_0EIcbaQ,"Arts & Entertainment, Hotels & Travel, Event Planning & Services, Restaurants, Hotels, Casinos, Resorts",Las Vegas,"{'Monday': '0:0-0:0', 'Tuesday': '0:0-0:0', 'Wednesday': '0:0-0:0', 'Thursday': '0:0-0:0', 'Friday': '0:0-0:0', 'Saturday': '0:0-0:0', 'Sunday': '0:0-0:0'}",1,36.102250700000006,-115.1699679,MGM Grand Hotel,The Strip,89109,3730,3.0,NV
144358,144358,2985 Las Vegas Blvd S,"{'Alcohol': 'full_bar', 'Ambience': ""{'romantic': False, 'intimate': False, 'classy': False, 'hipster': False, 'divey': False, 'touristy': False, 'trendy': False, 'upscale': False, 'casual': True}"", 'BYOB': 'False', 'BYOBCorkage': 'no', 'BestNights': ""{'monday': False, 'tuesday': False, 'friday': True, 'wednesday': False, 'thursday': False, 'sunday': True, 'saturday': True}"", 'BikeParking': 'True', 'BusinessAcceptsCreditCards': 'True', 'BusinessParking': ""{'garage': False, 'street': False, 'validated': False, 'lot': True, 'valet': False}"", 'Caters': 'False', 'CoatCheck': 'False', 'Corkage': 'False', 'GoodForDancing': 'False', 'GoodForKids': 'True', 'GoodForMeal': ""{'dessert': False, 'latenight': True, 'lunch': True, 'dinner': False, 'breakfast': True, 'brunch': True}"", 'HappyHour': 'True', 'HasTV': 'True', 'Music': ""{'dj': False, 'background_music': True, 'no_music': False, 'karaoke': False, 'live': False, 'video': False, 'jukebox': False}"", 'NoiseLevel': 'average', 'Open24Hours': 'True', 'OutdoorSeating': 'False', 'RestaurantsAttire': 'casual', 'RestaurantsCounterService': 'True', 'RestaurantsDelivery': 'False', 'RestaurantsGoodForGroups': 'True', 'RestaurantsPriceRange2': '2', 'RestaurantsReservations': 'False', 'RestaurantsTableService': 'True', 'RestaurantsTakeOut': 'True', 'Smoking': 'yes', 'WheelchairAccessible': 'True', 'WiFi': 'free'}",XXW_OFaYQkkGOGniujZFHg,"Bars, Nightlife, American (Traditional), Breakfast & Brunch, Lounges, Restaurants",Las Vegas,"{'Monday': '0:0-0:0', 'Tuesday': '0:0-0:0', 'Wednesday': '0:0-0:0', 'Thursday': '0:0-0:0', 'Friday': '0:0-0:0', 'Saturday': '0:0-0:0', 'Sunday': '0:0-0:0'}",1,36.1336673317,-115.163094755,The Peppermill Restaurant & Fireside Lounge,The Strip,89109,3048,4.0,NV
144873,144873,5757 Wayne Newton Blvd,{'WiFi': 'free'},FaHADZARwnY4yvlvpnsfGA,"Airports, Hotels & Travel",Las Vegas,"{'Monday': '0:0-0:0', 'Tuesday': '0:0-0:0', 'Wednesday': '0:0-0:0', 'Thursday': '0:0-0:0', 'Friday': '0:0-0:0', 'Saturday': '0:0-0:0', 'Sunday': '0:0-0:0'}",1,36.0850163303,-115.151009469,McCarran International Airport,Southeast,89119,3481,3.5,NV
148932,148932,3355 Las Vegas Blvd S,"{'Alcohol': 'full_bar', 'Ambience': ""{'romantic': False, 'intimate': False, 'classy': False, 'hipster': False, 'divey': False, 'touristy': False, 'trendy': True, 'upscale': False, 'casual': True}"", 'BikeParking': 'True', 'BusinessAcceptsCreditCards': 'True', 'BusinessParking': ""{'garage': True, 'street': False, 'validated': False, 'lot': False, 'valet': False}"", 'Caters': 'True', 'GoodForKids': 'True', 'GoodForMeal': ""{'dessert': False, 'latenight': False, 'lunch': True, 'dinner': True, 'breakfast': False, 'brunch': True}"", 'HasTV': 'True', 'NoiseLevel': 'average', 'OutdoorSeating': 'False', 'RestaurantsAttire': 'casual', 'RestaurantsDelivery': 'False', 'RestaurantsGoodForGroups': 'True', 'RestaurantsPriceRange2': '2', 'RestaurantsReservations': 'True', 'RestaurantsTableService': 'True', 'RestaurantsTakeOut': 'True', 'WheelchairAccessible': 'True', 'WiFi': 'free'}",faPVqws-x-5k2CQKDNtHxw,"Southern, Restaurants, American (New)",Las Vegas,"{'Monday': '11:0-23:0', 'Tuesday': '11:0-23:0', 'Wednesday': '11:0-23:0', 'Thursday': '11:0-23:0', 'Friday': '11:0-0:0', 'Saturday': '10:0-0:0', 'Sunday': '10:0-23:0'}",1,36.1223280185,-115.17011184299999,Yardbird Southern Table & Bar,The Strip,89109,2887,4.5,NV
150229,150229,2411 W Sahara Ave,"{'Alcohol': 'beer_and_wine', 'Ambience': ""{'romantic': False, 'intimate': False, 'classy': False, 'hipster': False, 'divey': False, 'touristy': False, 'trendy': False, 'upscale': False, 'casual': True}"", 'BestNights': ""{'monday': True, 'tuesday': True, 'friday': False, 'wednesday': True, 'thursday': False, 'sunday': False, 'saturday': False}"", 'BikeParking': 'False', 'BusinessAcceptsCreditCards': 'True', 'BusinessParking': ""{'garage': False, 'street': False, 'validated': False, 'lot': True, 'valet': False}"", 'Caters': 'False', 'CoatCheck': 'False', 'GoodForDancing': 'False', 'GoodForKids': 'False', 'GoodForMeal': ""{'dessert': False, 'latenight': True, 'lunch': True, 'dinner': True, 'breakfast': False, 'brunch': False}"", 'HappyHour': 'True', 'HasTV': 'False', 'Music': ""{'dj': False, 'background_music': False, 'no_music': False, 'karaoke': False, 'live': False, 'video': False, 'jukebox': False}"", 'NoiseLevel': 'average', 'OutdoorSeating': 'False', 'RestaurantsAttire': 'casual', 'RestaurantsDelivery': 'False', 'RestaurantsGoodForGroups': 'False', 'RestaurantsPriceRange2': '2', 'RestaurantsReservations': 'False', 'RestaurantsTableService': 'True', 'RestaurantsTakeOut': 'True', 'Smoking': 'no', 'WheelchairAccessible': 'True', 'WiFi': 'no'}",awI4hHMfa7H0Xf0-ChU5hg,"Seafood, Nightlife, Bars, Restaurants",Las Vegas,"{'Monday': '0:0-0:0', 'Tuesday': '0:0-0:0', 'Wednesday': '0:0-0:0', 'Thursday': '0:0-0:0', 'Friday': '0:0-0:0', 'Saturday': '0:0-0:0', 'Sunday': '0:0-0:0'}",1,36.1442045,-115.17434140000002,The Oyster Bar,,89102,2313,4.5,NV
150337,150337,"The Cromwell Las Vegas Resort & Casino, 3595 Las Vegas Blvd South","{'Alcohol': 'full_bar', 'Ambience': ""{'romantic': False, 'intimate': False, 'classy': False, 'hipster': False, 'divey': False, 'touristy': False, 'trendy': True, 'upscale': False, 'casual': False}"", 'BikeParking': 'False', 'BusinessAcceptsCreditCards': 'True', 'BusinessParking': ""{'garage': True, 'street': False, 'validated': False, 'lot': False, 'valet': True}"", 'Caters': 'False', 'GoodForKids': 'False', 'GoodForMeal': ""{'dessert': False, 'latenight': False, 'lunch': False, 'dinner': True, 'breakfast': False, 'brunch': False}"", 'HasTV': 'True', 'NoiseLevel': 'average', 'OutdoorSeating': 'False', 'RestaurantsAttire': 'dressy', 'RestaurantsDelivery': 'False', 'RestaurantsGoodForGroups': 'True', 'RestaurantsPriceRange2': '3', 'RestaurantsReservations': 'True', 'RestaurantsTableService': 'True', 'RestaurantsTakeOut': 'False', 'WheelchairAccessible': 'True', 'WiFi': 'free'}",G-5kEa6E6PD5fkBRuA7k9Q,"Italian, Restaurants",Las Vegas,"{'Monday': '17:0-22:30', 'Tuesday': '17:0-22:30', 'Wednesday': '17:0-22:30', 'Thursday': '17:0-22:30', 'Friday': '17:0-22:45', 'Saturday': '17:0-22:45', 'Sunday': '17:0-22:45'}",1,36.1150592072,-115.17210904299999,Giada,The Strip,89109,2596,3.5,NV
151500,151500,3355 Las Vegas Blvd S,"{'Alcohol': 'full_bar', 'Ambience': ""{'romantic': False, 'intimate': False, 'classy': False, 'hipster': False, 'divey': False, 'touristy': False, 'trendy': False, 'upscale': False, 'casual': True}"", 'BYOB': 'False', 'BYOBCorkage': 'no', 'BikeParking': 'False', 'BusinessAcceptsCreditCards': 'True', 'BusinessParking': ""{'garage': True, 'street': False, 'validated': False, 'lot': False, 'valet': False}"", 'ByAppointmentOnly': 'False', 'Caters': 'False', 'Corkage': 'False', 'GoodForKids': 'True', 'HasTV': 'True', 'NoiseLevel': 'average', 'OutdoorSeating': 'False', 'RestaurantsAttire': 'casual', 'RestaurantsDelivery': 'False', 'RestaurantsGoodForGroups': 'True', 'RestaurantsPriceRange2': '2', 'RestaurantsReservations': 'True', 'RestaurantsTableService': 'True', 'RestaurantsTakeOut': 'True', 'WheelchairAccessible': 'True', 'WiFi': 'free', 'GoodForMeal': ""{'dessert': False, 'latenight': True, 'lunch': True, 'dinner': True, 'breakfast': True, 'brunch': False}""}",NvKNe9DnQavC9GstglcBJQ,"Sandwiches, American (Traditional), Food, American (New), Restaurants, Desserts",Las Vegas,"{'Monday': '0:0-0:0', 'Tuesday': '0:0-0:0', 'Wednesday': '0:0-0:0', 'Thursday': '0:0-0:0', 'Friday': '0:0-0:0', 'Saturday': '0:0-0:0', 'Sunday': '0:0-0:0'}",1,36.121821999999995,-115.16885500000001,Grand Lux Cafe,The Strip,89109,2670,4.0,NV
158020,158020,3570 Las Vegas Blvd S,"{'BusinessAcceptsCreditCards': 'True', 'GoodForKids': 'False', 'RestaurantsPriceRange2': '3', 'WiFi': 'free'}",VyjyHoBg3KC5BSFRlD0ZPQ,"Hotels, Arts & Entertainment, Event Planning & Services, Casinos, Hotels & Travel",Las Vegas,"{'Monday': '0:0-0:0', 'Tuesday': '0:0-0:0', 'Wednesday': '0:0-0:0', 'Thursday': '0:0-0:0', 'Friday': '0:0-0:0', 'Saturday': '0:0-0:0', 'Sunday': '0:0-0:0'}",1,36.116765,-115.174595,Caesars Palace Las Vegas Hotel & Casino,The Strip,89109,2627,3.0,NV
159101,159101,3325 South Las Vegas Boulevard,"{'BusinessAcceptsBitcoin': 'False', 'BusinessAcceptsCreditCards': 'True', 'GoodForKids': 'True', 'RestaurantsPriceRange2': '3', 'WiFi': 'paid'}",uGupeWqih0yIcCg8anM1PA,"Casinos, Resorts, Arts & Entertainment, Hotels, Venues & Event Spaces, Event Planning & Services, Hotels & Travel",Las Vegas,"{'Monday': '0:0-0:0', 'Tuesday': '0:0-0:0', 'Wednesday': '0:0-0:0', 'Thursday': '0:0-0:0', 'Friday': '0:0-0:0', 'Saturday': '0:0-0:0', 'Sunday': '0:0-0:0'}",1,36.1239419536,-115.167752796,The Palazzo Las Vegas,The Strip,89109,2377,4.0,NV
167935,167935,440 S Rampart Blvd,"{'Alcohol': 'full_bar', 'Ambience': ""{'romantic': False, 'intimate': False, 'classy': False, 'hipster': False, 'divey': False, 'touristy': False, 'trendy': True, 'upscale': False, 'casual': False}"", 'BikeParking': 'True', 'BusinessAcceptsCreditCards': 'True', 'BusinessParking': ""{'garage': True, 'street': False, 'validated': False, 'lot': False, 'valet': True}"", 'Caters': 'True', 'GoodForKids': 'True', 'GoodForMeal': ""{'dessert': False, 'latenight': False, 'lunch': False, 'dinner': True, 'breakfast': False, 'brunch': True}"", 'HasTV': 'True', 'NoiseLevel': 'average', 'OutdoorSeating': 'True', 'RestaurantsAttire': 'casual', 'RestaurantsDelivery': 'False', 'RestaurantsGoodForGroups': 'True', 'RestaurantsPriceRange2': '2', 'RestaurantsReservations': 'True', 'RestaurantsTableService': 'True', 'RestaurantsTakeOut': 'True', 'WheelchairAccessible': 'True', 'WiFi': 'free'}",igHYkXZMLAc9UdV5VnR_AA,"Food, Specialty Food, Meat Shops, Restaurants, Butcher, Steakhouses",Las Vegas,"{'Monday': '11:0-23:0', 'Tuesday': '11:0-23:0', 'Wednesday': '11:0-23:0', 'Thursday': '11:0-23:0', 'Friday': '11:0-23:0', 'Saturday': '9:0-23:0', 'Sunday': '9:0-23:0'}",1,36.166576,-115.28623200000001,Echo & Rig,Westside,89145,2169,4.5,NV
174693,174693,3799 Las Vegas Blvd S,"{'Alcohol': 'full_bar', 'Ambience': ""{'romantic': False, 'intimate': False, 'classy': True, 'hipster': False, 'divey': False, 'touristy': False, 'trendy': False, 'upscale': True, 'casual': False}"", 'BYOB': 'False', 'BYOBCorkage': 'no', 'BikeParking': 'False', 'BusinessAcceptsBitcoin': 'False', 'BusinessAcceptsCreditCards': 'True', 'BusinessParking': ""{'garage': True, 'street': False, 'validated': False, 'lot': False, 'valet': True}"", 'Caters': 'False', 'Corkage': 'False', 'DogsAllowed': 'False', 'GoodForKids': 'False', 'GoodForMeal': ""{'dessert': False, 'latenight': False, 'lunch': False, 'dinner': True, 'breakfast': False, 'brunch': False}"", 'HasTV': 'True', 'NoiseLevel': 'average', 'Open24Hours': 'False', 'OutdoorSeating': 'False', 'RestaurantsAttire': 'dressy', 'RestaurantsDelivery': 'False', 'RestaurantsGoodForGroups': 'True', 'RestaurantsPriceRange2': '4', 'RestaurantsReservations': 'True', 'RestaurantsTableService': 'True', 'RestaurantsTakeOut': 'True', 'WheelchairAccessible': 'True', 'WiFi': 'free'}",xkVMIk_Vqh17f48ZQ_6b0w,"Food, Cheesesteaks, Steakhouses, Desserts, American (New), Restaurants",Las Vegas,"{'Monday': '17:0-22:0', 'Tuesday': '17:0-22:0', 'Wednesday': '17:0-22:0', 'Thursday': '17:0-22:0', 'Friday': '17:0-22:30', 'Saturday': '17:0-22:30', 'Sunday': '17:0-22:0'}",1,36.102642001,-115.168625437,Tom Colicchio's Craftsteak,The Strip,89109,2197,4.0,NV
175089,175089,"3355 Las Vegas Blvd S, Venezia Tower, 10th floor","{'Alcohol': 'full_bar', 'Ambience': ""{'romantic': False, 'intimate': False, 'classy': True, 'hipster': False, 'divey': False, 'touristy': False, 'trendy': False, 'upscale': False, 'casual': False}"", 'BYOB': 'False', 'BYOBCorkage': 'yes_corkage', 'BikeParking': 'False', 'BusinessAcceptsCreditCards': 'True', 'BusinessParking': ""{'garage': True, 'street': False, 'validated': False, 'lot': False, 'valet': False}"", 'Caters': 'False', 'Corkage': 'True', 'GoodForKids': 'False', 'GoodForMeal': ""{'dessert': False, 'latenight': False, 'lunch': False, 'dinner': False, 'breakfast': False, 'brunch': True}"", 'HasTV': 'False', 'NoiseLevel': 'average', 'OutdoorSeating': 'True', 'RestaurantsAttire': 'casual', 'RestaurantsCounterService': 'False', 'RestaurantsDelivery': 'False', 'RestaurantsGoodForGroups': 'True', 'RestaurantsPriceRange2': '3', 'RestaurantsReservations': 'True', 'RestaurantsTableService': 'True', 'RestaurantsTakeOut': 'False', 'WheelchairAccessible': 'True', 'WiFi': 'no'}",rcaPajgKOJC2vo_l3xa42A,"Bakeries, Breakfast & Brunch, Food, French, Venues & Event Spaces, Cafes, Event Planning & Services, Restaurants",Las Vegas,"{'Monday': '17:0-22:0', 'Tuesday': '17:0-22:0', 'Wednesday': '17:0-22:0', 'Thursday': '17:0-22:0', 'Friday': '17:0-22:0', 'Saturday': '17:0-22:0', 'Sunday': '17:0-22:0'}",1,36.1209554593,-115.169853249,Bouchon at the Venezia Tower,The Strip,89109,3743,4.0,NV
175347,175347,"3663 S Las Vegas Blvd, Ste 610","{'Alcohol': 'full_bar', 'Ambience': ""{'romantic': False, 'intimate': False, 'classy': False, 'hipster': False, 'divey': False, 'touristy': False, 'trendy': False, 'upscale': False, 'casual': True}"", 'BYOBCorkage': 'yes_corkage', 'BikeParking': 'True', 'BusinessAcceptsBitcoin': 'False', 'BusinessAcceptsCreditCards': 'True', 'BusinessParking': ""{'garage': True, 'street': False, 'validated': False, 'lot': False, 'valet': True}"", 'Caters': 'True', 'Corkage': 'True', 'DogsAllowed': 'False', 'GoodForKids': 'True', 'GoodForMeal': ""{'dessert': False, 'latenight': False, 'lunch': False, 'dinner': True, 'breakfast': False, 'brunch': False}"", 'HasTV': 'True', 'NoiseLevel': 'average', 'Open24Hours': 'False', 'OutdoorSeating': 'True', 'RestaurantsAttire': 'casual', 'RestaurantsDelivery': 'True', 'RestaurantsGoodForGroups': 'True', 'RestaurantsPriceRange2': '3', 'RestaurantsReservations': 'True', 'RestaurantsTableService': 'True', 'RestaurantsTakeOut': 'True', 'WheelchairAccessible': 'True', 'WiFi': 'free'}",JpgVl3d20CMRNjf1DVnzGA,"Restaurants, Steakhouses, Seafood, Buffets, Brazilian",Las Vegas,"{'Monday': '7:0-22:30', 'Tuesday': '7:0-22:30', 'Wednesday': '7:0-22:30', 'Thursday': '7:0-22:30', 'Friday': '7:0-23:30', 'Saturday': '7:0-23:30', 'Sunday': '7:0-22:30'}",1,36.1107901,-115.17141129999999,Pampas Churrascaria Brazilian Grille,The Strip,89109,2160,3.0,NV
177415,177415,2880 S Las Vegas Blvd,"{'BusinessAcceptsCreditCards': 'True', 'GoodForKids': 'True', 'RestaurantsPriceRange2': '2', 'WiFi': 'free'}",6Q7-wkCPc1KF75jZLOTcMw,"Casinos, Hotels, Event Planning & Services, Hotels & Travel, Arts & Entertainment",Las Vegas,"{'Monday': '6:0-6:0', 'Tuesday': '6:0-6:0', 'Wednesday': '6:0-6:0', 'Thursday': '6:0-6:0', 'Friday': '6:0-6:0', 'Saturday': '6:0-6:0', 'Sunday': '6:0-6:0'}",1,36.1376416,-115.1653861,Circus Circus Las Vegas Hotel and Casino,The Strip,89109,2395,2.5,NV
178049,178049,3570 Las Vegas Blvd S,"{'Alcohol': 'full_bar', 'Ambience': ""{'romantic': False, 'intimate': False, 'classy': False, 'hipster': False, 'divey': False, 'touristy': False, 'trendy': True, 'upscale': False, 'casual': True}"", 'BestNights': ""{'monday': False, 'tuesday': False, 'friday': True, 'wednesday': False, 'thursday': False, 'sunday': True, 'saturday': True}"", 'BikeParking': 'False', 'BusinessAcceptsCreditCards': 'True', 'BusinessParking': ""{'garage': True, 'street': False, 'validated': False, 'lot': False, 'valet': False}"", 'Caters': 'False', 'CoatCheck': 'False', 'GoodForDancing': 'False', 'GoodForKids': 'True', 'GoodForMeal': ""{'dessert': True, 'latenight': False, 'lunch': True, 'dinner': True, 'breakfast': False, 'brunch': False}"", 'HappyHour': 'True', 'HasTV': 'True', 'Music': ""{'dj': False, 'background_music': True, 'no_music': False, 'karaoke': False, 'live': False, 'video': False, 'jukebox': False}"", 'NoiseLevel': 'average', 'OutdoorSeating': 'False', 'RestaurantsAttire': 'casual', 'RestaurantsDelivery': 'False', 'RestaurantsGoodForGroups': 'True', 'RestaurantsPriceRange2': '3', 'RestaurantsReservations': 'True', 'RestaurantsTableService': 'True', 'RestaurantsTakeOut': 'False', 'Smoking': 'no', 'WheelchairAccessible': 'True', 'WiFi': 'free'}",YJ8ljUhLsz6CtT_2ORNFmg,"Nightlife, Fish & Chips, Gastropubs, Restaurants, Bars, American (Traditional), Pubs, British",Las Vegas,"{'Monday': '11:0-23:0', 'Tuesday': '11:0-23:0', 'Wednesday': '11:0-23:0', 'Thursday': '11:0-23:0', 'Friday': '11:0-0:0', 'Saturday': '11:0-0:0', 'Sunday': '11:0-23:0'}",1,36.117416999999996,-115.175757,Gordon Ramsay Pub & Grill,The Strip,89109,2880,3.5,NV
178395,178395,3131 Las Vegas Blvd S,"{'AgesAllowed': '21plus', 'Alcohol': 'full_bar', 'Ambience': ""{'romantic': False, 'intimate': False, 'classy': False, 'hipster': False, 'divey': False, 'touristy': False, 'trendy': True, 'upscale': True, 'casual': False}"", 'BestNights': ""{'monday': False, 'tuesday': False, 'friday': True, 'wednesday': False, 'thursday': False, 'sunday': True, 'saturday': True}"", 'BikeParking': 'False', 'BusinessAcceptsCreditCards': 'True', 'BusinessParking': ""{'garage': True, 'street': False, 'validated': False, 'lot': False, 'valet': True}"", 'CoatCheck': 'True', 'GoodForDancing': 'True', 'HappyHour': 'False', 'HasTV': 'False', 'Music': ""{'dj': True, 'background_music': False, 'no_music': False, 'karaoke': False, 'live': False, 'video': False, 'jukebox': False}"", 'NoiseLevel': 'very_loud', 'OutdoorSeating': 'True', 'RestaurantsGoodForGroups': 'True', 'RestaurantsPriceRange2': '3', 'Smoking': 'yes', 'WheelchairAccessible': 'True'}",MpmFFw0GE_2iRFPdsRpJbA,"Nightlife, Dance Clubs",Las Vegas,"{'Monday': '22:30-4:0', 'Tuesday': '10:30-4:0', 'Wednesday': '10:30-4:0', 'Thursday': '10:30-4:0', 'Friday': '22:30-4:0', 'Saturday': '22:30-4:0', 'Sunday': '22:30-4:0'}",1,36.1280503306,-115.164868534,XS Nightclub,The Strip,89109,2915,4.0,NV
179695,179695,3950 S Las Vegas Blvd,"{'BusinessAcceptsCreditCards': 'True', 'GoodForKids': 'True', 'RestaurantsPriceRange2': '3', 'WiFi': 'free'}",eAc9Vd6loOgRQolMXQt6FA,"Resorts, Hotels & Travel, Hotels, Arts & Entertainment, Casinos, Event Planning & Services",Las Vegas,"{'Monday': '0:0-0:0', 'Tuesday': '0:0-0:0', 'Wednesday': '0:0-0:0', 'Thursday': '0:0-0:0', 'Friday': '0:0-0:0', 'Saturday': '0:0-0:0', 'Sunday': '0:0-0:0'}",1,36.091895,-115.175256,Mandalay Bay Resort & Casino,The Strip,89109,2898,3.0,NV
182445,182445,3770 S Las Vegas Blvd,"{'BusinessAcceptsCreditCards': 'True', 'GoodForKids': 'False', 'RestaurantsPriceRange2': '2', 'WiFi': 'paid'}",5iSmZO0SrKU6EoXK_1M8Kw,"Event Planning & Services, Hotels & Travel, Hotels, Resorts, Casinos, Arts & Entertainment",Las Vegas,"{'Monday': '0:0-0:0', 'Tuesday': '0:0-0:0', 'Wednesday': '0:0-0:0', 'Thursday': '0:0-0:0', 'Friday': '0:0-0:0', 'Saturday': '0:0-0:0', 'Sunday': '0:0-0:0'}",0,36.104614,-115.17602099999999,Monte Carlo Hotel And Casino,The Strip,89109,2666,2.5,NV
182512,182512,3655 Las Vegas Blvd S,"{'Alcohol': 'beer_and_wine', 'Ambience': ""{'romantic': False, 'intimate': False, 'classy': False, 'hipster': False, 'divey': False, 'touristy': False, 'trendy': False, 'upscale': False, 'casual': True}"", 'BYOB': 'False', 'BYOBCorkage': 'yes_free', 'BikeParking': 'False', 'BusinessAcceptsCreditCards': 'True', 'BusinessParking': ""{'garage': True, 'street': False, 'validated': False, 'lot': False, 'valet': False}"", 'Caters': 'False', 'Corkage': 'False', 'GoodForKids': 'True', 'GoodForMeal': ""{'dessert': False, 'latenight': False, 'lunch': True, 'dinner': False, 'breakfast': False, 'brunch': False}"", 'HasTV': 'False', 'NoiseLevel': 'average', 'Open24Hours': 'False', 'OutdoorSeating': 'False', 'RestaurantsAttire': 'casual', 'RestaurantsCounterService': 'False', 'RestaurantsDelivery': 'False', 'RestaurantsGoodForGroups': 'True', 'RestaurantsPriceRange2': '2', 'RestaurantsReservations': 'False', 'RestaurantsTableService': 'True', 'RestaurantsTakeOut': 'False', 'WheelchairAccessible': 'True', 'WiFi': 'no'}",ZkGDCVKSdf8m76cnnalL-A,"Buffets, Restaurants, Sandwiches, Breakfast & Brunch",Las Vegas,"{'Monday': '7:0-22:0', 'Tuesday': '7:0-22:0', 'Wednesday': '7:0-22:0', 'Thursday': '7:0-22:0', 'Friday': '7:0-22:0', 'Saturday': '7:0-22:0', 'Sunday': '7:0-22:0'}",1,36.1128421245,-115.17056931,Le Village Buffet,The Strip,89109,2246,3.0,NV
182616,182616,3655 Las Vegas Blvd S,"{'BusinessAcceptsCreditCards': 'True', 'GoodForKids': 'False', 'RestaurantsPriceRange2': '2', 'WiFi': 'paid'}",ii8sAGBexBOJoYRFafF9XQ,"Hotels & Travel, Event Planning & Services, Casinos, Hotels, Arts & Entertainment",Las Vegas,"{'Monday': '0:0-0:0', 'Tuesday': '0:0-0:0', 'Wednesday': '0:0-0:0', 'Thursday': '0:0-0:0', 'Friday': '0:0-0:0', 'Saturday': '0:0-0:0', 'Sunday': '0:0-0:0'}",1,36.1123576,-115.1702213,Paris Las Vegas Hotel & Casino,The Strip,89109,2349,3.0,NV
182918,182918,3327 Las Vegas Blvd S,"{'Alcohol': 'full_bar', 'Ambience': ""{'romantic': False, 'intimate': False, 'classy': False, 'hipster': False, 'divey': False, 'touristy': False, 'trendy': True, 'upscale': False, 'casual': False}"", 'BestNights': ""{'monday': False, 'tuesday': False, 'friday': True, 'wednesday': False, 'thursday': True, 'sunday': False, 'saturday': True}"", 'BikeParking': 'False', 'BusinessAcceptsCreditCards': 'True', 'BusinessParking': ""{'garage': True, 'street': False, 'validated': False, 'lot': False, 'valet': False}"", 'Caters': 'False', 'CoatCheck': 'False', 'GoodForDancing': 'False', 'GoodForKids': 'False', 'GoodForMeal': ""{'dessert': False, 'latenight': False, 'lunch': False, 'dinner': True, 'breakfast': False, 'brunch': False}"", 'HappyHour': 'True', 'HasTV': 'True', 'Music': ""{'dj': False, 'background_music': False, 'no_music': False, 'karaoke': False, 'live': False, 'video': False, 'jukebox': False}"", 'NoiseLevel': 'average', 'OutdoorSeating': 'False', 'RestaurantsAttire': 'casual', 'RestaurantsDelivery': 'False', 'RestaurantsGoodForGroups': 'True', 'RestaurantsPriceRange2': '3', 'RestaurantsReservations': 'True', 'RestaurantsTableService': 'True', 'RestaurantsTakeOut': 'True', 'Smoking': 'no', 'WheelchairAccessible': 'True', 'WiFi': 'no'}",pH0BLkL4cbxKzu471VZnuA,"Chinese, Japanese, Nightlife, Dim Sum, Asian Fusion, Restaurants, Bars, Breakfast & Brunch",Las Vegas,"{'Monday': '11:30-1:0', 'Tuesday': '11:30-1:0', 'Wednesday': '11:30-1:0', 'Thursday': '11:30-1:0', 'Friday': '11:30-2:0', 'Saturday': '11:30-2:0', 'Sunday': '11:30-1:0'}",1,36.1245818974,-115.167552877,SUSHISAMBA - Las Vegas,The Strip,89109,2269,4.0,NV
183572,183572,"Caesars Palace Las Vegas Hotel And Casino, 3570 Las Vegas Boulevard South","{'Alcohol': 'full_bar', 'Ambience': ""{'romantic': False, 'intimate': False, 'classy': False, 'hipster': False, 'divey': False, 'touristy': True, 'trendy': False, 'upscale': False, 'casual': False}"", 'BikeParking': 'False', 'BusinessAcceptsCreditCards': 'True', 'BusinessParking': ""{'garage': True, 'street': False, 'validated': False, 'lot': False, 'valet': False}"", 'ByAppointmentOnly': 'False', 'Caters': 'False', 'DogsAllowed': 'True', 'GoodForKids': 'True', 'GoodForMeal': ""{'dessert': True, 'latenight': False, 'lunch': False, 'dinner': False, 'breakfast': False, 'brunch': False}"", 'HasTV': 'True', 'NoiseLevel': 'average', 'OutdoorSeating': 'True', 'RestaurantsAttire': 'casual', 'RestaurantsDelivery': 'False', 'RestaurantsGoodForGroups': 'True', 'RestaurantsPriceRange2': '2', 'RestaurantsReservations': 'True', 'RestaurantsTableService': 'True', 'RestaurantsTakeOut': 'True', 'WheelchairAccessible': 'True', 'WiFi': 'no'}",eoHdUeQDNgQ6WYEnP2aiRw,"Desserts, American (Traditional), Social Clubs, Arts & Entertainment, Food, American (New), Restaurants",Las Vegas,"{'Monday': '9:0-22:0', 'Tuesday': '9:0-22:0', 'Wednesday': '9:0-22:0', 'Thursday': '9:0-22:0', 'Friday': '9:0-23:0', 'Saturday': '9:0-23:0', 'Sunday': '9:0-22:0'}",0,36.1156697204,-115.17331658,Serendipity 3,The Strip,89109,3905,3.0,NV
184596,184596,3555 Las Vegas Blvd S,"{'BusinessAcceptsCreditCards': 'True', 'GoodForKids': 'False', 'RestaurantsPriceRange2': '2', 'WiFi': 'paid'}",u_vPjx925UPEG9DFOAAvFQ,"Hotels, Hotels & Travel, Arts & Entertainment, Event Planning & Services, Casinos",Las Vegas,"{'Monday': '0:0-0:0', 'Tuesday': '0:0-0:0', 'Wednesday': '0:0-0:0', 'Thursday': '0:0-0:0', 'Friday': '0:0-0:0', 'Saturday': '0:0-0:0', 'Sunday': '0:0-0:0'}",1,36.1156902,-115.1713943,Flamingo Las Vegas Hotel & Casino,The Strip,89109,3241,2.5,NV
184723,184723,"The Venetian, 3377 S Las Vegas Blvd","{'AgesAllowed': '21plus', 'Alcohol': 'full_bar', 'Ambience': ""{'romantic': False, 'intimate': False, 'classy': False, 'hipster': False, 'divey': False, 'touristy': False, 'trendy': True, 'upscale': False, 'casual': False}"", 'BestNights': ""{'monday': False, 'tuesday': False, 'friday': True, 'wednesday': False, 'thursday': True, 'sunday': False, 'saturday': True}"", 'BikeParking': 'True', 'BusinessAcceptsCreditCards': 'True', 'BusinessParking': ""{'garage': True, 'street': False, 'validated': False, 'lot': False, 'valet': False}"", 'CoatCheck': 'True', 'GoodForDancing': 'True', 'GoodForKids': 'False', 'HappyHour': 'True', 'HasTV': 'True', 'Music': ""{'dj': True, 'background_music': False, 'no_music': False, 'karaoke': False, 'live': False, 'video': False, 'jukebox': False}"", 'NoiseLevel': 'very_loud', 'OutdoorSeating': 'False', 'RestaurantsGoodForGroups': 'True', 'RestaurantsPriceRange2': '3', 'Smoking': 'yes', 'WheelchairAccessible': 'True'}",ECOkEVUodMLUxvI0PMI4gQ,"Bars, Arts & Entertainment, Asian Fusion, Lounges, Restaurants, Dance Clubs, Nightlife, Music Venues",Las Vegas,"{'Thursday': '22:30-5:0', 'Friday': '22:30-5:0', 'Saturday': '22:30-5:0', 'Sunday': '11:0-18:0'}",1,36.122643,-115.17035600000001,TAO Nightclub,The Strip,89109,2132,3.0,NV
185592,185592,"3500 Las Vegas Blvd S, Ste R-05","{'Alcohol': 'full_bar', 'Ambience': ""{'romantic': False, 'intimate': False, 'classy': True, 'hipster': False, 'divey': False, 'touristy': False, 'trendy': False, 'upscale': False, 'casual': False}"", 'BestNights': ""{'monday': False, 'tuesday': False, 'friday': True, 'wednesday': False, 'thursday': True, 'sunday': False, 'saturday': True}"", 'BikeParking': 'False', 'BusinessAcceptsCreditCards': 'True', 'BusinessParking': ""{'garage': True, 'street': False, 'validated': False, 'lot': False, 'valet': True}"", 'Caters': 'True', 'CoatCheck': 'True', 'GoodForDancing': 'False', 'GoodForKids': 'False', 'GoodForMeal': ""{'dessert': False, 'latenight': False, 'lunch': False, 'dinner': True, 'breakfast': False, 'brunch': False}"", 'HappyHour': 'False', 'HasTV': 'True', 'Music': ""{'dj': False, 'background_music': False, 'no_music': False, 'karaoke': False, 'live': False, 'video': False, 'jukebox': False}"", 'NoiseLevel': 'average', 'Open24Hours': 'False', 'OutdoorSeating': 'True', 'RestaurantsAttire': 'casual', 'RestaurantsDelivery': 'False', 'RestaurantsGoodForGroups': 'True', 'RestaurantsPriceRange2': '3', 'RestaurantsReservations': 'True', 'RestaurantsTableService': 'True', 'RestaurantsTakeOut': 'True', 'Smoking': 'no', 'WheelchairAccessible': 'True', 'WiFi': 'no'}",I6EDDi4-Eq_XlFghcDCUhw,"Steakhouses, Nightlife, Wine Bars, Bars, Restaurants, Seafood",Las Vegas,"{'Monday': '11:30-22:0', 'Tuesday': '11:30-22:0', 'Wednesday': '11:30-22:0', 'Thursday': '11:30-22:0', 'Friday': '11:30-23:0', 'Saturday': '11:30-23:0', 'Sunday': '11:30-22:0'}",1,36.1189331996,-115.173751944,Joes Seafood Prime Steak & Stone Crab,The Strip,89109,2259,4.5,NV
186936,186936,3743 Las Vegas Blvd S,"{'Alcohol': 'full_bar', 'Ambience': ""{'romantic': False, 'intimate': False, 'classy': False, 'hipster': False, 'divey': False, 'touristy': False, 'trendy': False, 'upscale': False, 'casual': True}"", 'BikeParking': 'False', 'BusinessAcceptsCreditCards': 'True', 'BusinessParking': ""{'garage': True, 'street': False, 'validated': False, 'lot': False, 'valet': False}"", 'Caters': 'False', 'GoodForKids': 'True', 'GoodForMeal': ""{'dessert': False, 'latenight': False, 'lunch': True, 'dinner': True, 'breakfast': False, 'brunch': True}"", 'HasTV': 'False', 'NoiseLevel': 'average', 'OutdoorSeating': 'False', 'RestaurantsAttire': 'casual', 'RestaurantsDelivery': 'False', 'RestaurantsGoodForGroups': 'True', 'RestaurantsPriceRange2': '3', 'RestaurantsReservations': 'False', 'RestaurantsTableService': 'True', 'RestaurantsTakeOut': 'False', 'WheelchairAccessible': 'True', 'WiFi': 'free'}",LR0qF0FEVsCOhYWUOiH26A,"Buffets, Restaurants",Las Vegas,"{'Monday': '7:0-22:0', 'Tuesday': '7:0-22:0', 'Wednesday': '7:0-22:0', 'Thursday': '7:0-22:0', 'Friday': '7:0-22:0', 'Saturday': '7:0-22:0', 'Sunday': '7:0-22:0'}",1,36.107069,-115.17764,The Buffet at ARIA,The Strip,89109,2161,3.0,NV
